transaction_id,client_id,country,amount,transaction_type,risk_score,transaction_date
T00001,C807,Turkey,240.36,POS,52,2025-03-30 00:11:00
T00002,C567,Turkey,7545.92,ATM,17,2025-03-07 20:00:00
T00003,C843,UK,327.78,ATM,27,2025-03-05 02:01:00
T00004,C990,Germany,1655.23,Transfer,53,2025-11-07 15:21:00
T00005,C373,UK,7154.63,Transfer,14,2025-09-28 23:57:00
T00006,C313,UAE,9770.26,ATM,61,2025-03-16 11:44:00
T00007,C949,Morocco,8990.34,POS,76,2025-01-15 19:11:00
T00008,C284,Canada,8374.27,ATM,20,2025-09-01 00:31:00
T00009,C327,Turkey,8988.88,ATM,15,2025-01-16 10:24:00
T00010,C455,Canada,6840.57,ATM,38,2025-08-20 23:51:00
T00011,C992,USA,9229.96,ATM,40,2025-04-24 09:20:00
T00012,C250,UAE,633.81,Online,35,2025-09-22 02:26:00
T00013,C808,Canada,5819.57,Online,62,2025-03-31 23:43:00
T00014,C896,UAE,2950.31,ATM,49,2025-06-19 11:56:00
T00015,C299,China,508.62,ATM,78,2025-12-16 15:20:00
T00016,C119,Turkey,4768.63,Card,24,2025-08-04 02:29:00
T00017,C965,Germany,8896.45,Transfer,46,2025-01-20 17:55:00
T00018,C641,UAE,867.35,Transfer,71,2025-10-16 16:39:00
T00019,C102,China,2922.52,POS,19,2025-10-06 20:06:00
T00020,C794,Germany,5153.88,Transfer,30,2025-09-28 03:27:00
T00021,C944,Morocco,7624.53,POS,54,2025-04-11 20:35:00
T00022,C324,Spain,2518.75,Online,49,2025-09-27 21:37:00
T00023,C989,Canada,7108.39,ATM,46,2025-11-08 02:15:00
T00024,C423,Canada,2253.88,ATM,41,2025-09-10 07:56:00
T00025,C792,Morocco,2845.1,Card,70,2025-06-16 05:15:00
T00026,C782,Turkey,4235.77,Card,57,2025-05-27 09:52:00
T00027,C634,Morocco,3355.73,POS,51,2025-04-16 19:17:00
T00028,C599,Morocco,134.35,POS,47,2025-10-18 20:11:00
T00029,C932,China,2320.47,Online,48,2025-12-30 13:29:00
T00030,C102,Germany,3980.47,Card,50,2025-03-10 08:12:00
T00031,C964,UK,1902.46,Transfer,30,2025-09-05 01:52:00
T00032,C470,Spain,8505.86,Card,69,2025-12-19 06:07:00
T00033,C420,UK,149.35,Card,56,2025-02-11 19:10:00
T00034,C827,UAE,6627.55,POS,62,2025-03-22 11:10:00
T00035,C153,China,9793.77,Online,63,2025-12-19 01:11:00
T00036,C306,USA,6685.83,ATM,57,2025-11-11 14:50:00
T00037,C632,UAE,9270.53,ATM,14,2025-02-11 20:31:00
T00038,C107,UAE,1376.89,Online,53,2025-12-28 08:50:00
T00039,C160,UK,5202.22,Card,71,2025-11-11 07:13:00
T00040,C318,UAE,9388.45,Card,73,2025-03-10 10:51:00
T00041,C616,USA,3586.1,POS,70,2025-04-01 09:06:00
T00042,C738,USA,8969.5,Transfer,19,2025-07-15 18:27:00
T00043,C215,Germany,5922.2,Transfer,20,2025-07-03 09:31:00
T00044,C817,Morocco,3923.18,Online,39,2025-10-12 05:25:00
T00045,C557,Germany,5013.19,Transfer,17,2025-04-28 18:49:00
T00046,C295,Canada,36143.18,Transfer,80,2025-01-31 06:20:00
T00047,C897,Germany,7122.32,Card,61,2025-12-28 15:48:00
T00048,C729,Turkey,7386.26,POS,22,2025-01-07 05:46:00
T00049,C984,USA,8279.82,Online,71,2025-12-05 20:58:00
T00050,C887,USA,7935.67,POS,52,2025-07-11 20:31:00
T00051,C114,France,6576.05,ATM,35,2025-02-19 03:51:00
T00052,C900,Morocco,3368.39,POS,65,2025-01-26 16:45:00
T00053,C430,UAE,5358.57,ATM,59,2025-04-25 15:39:00
T00054,C948,Morocco,551.18,POS,19,2025-09-13 20:32:00
T00055,C615,UK,577.32,Card,51,2025-04-25 14:01:00
T00056,C762,Canada,8090.04,Online,72,2025-12-13 15:43:00
T00057,C269,Spain,5502.45,POS,77,2025-12-10 09:01:00
T00058,C382,UAE,9840.88,Card,44,2025-04-11 23:38:00
T00059,C571,Turkey,5681.27,ATM,20,2025-03-29 13:11:00
T00060,C187,Turkey,3989.2,ATM,14,2025-07-25 02:41:00
T00061,C517,Canada,2986.78,ATM,44,2025-12-31 07:12:00
T00062,C192,China,9546.63,Transfer,67,2025-09-21 05:55:00
T00063,C533,USA,42628.08,POS,85,2025-09-22 12:07:00
T00064,C370,Morocco,6746.54,Transfer,75,2025-12-11 22:45:00
T00065,C120,UK,8175.74,Online,10,2025-01-03 16:30:00
T00066,C485,Germany,2730.53,ATM,24,2025-11-29 01:17:00
T00067,C335,China,2666.01,POS,18,2025-11-08 20:42:00
T00068,C206,UK,2205.43,ATM,54,2025-01-26 05:49:00
T00069,C997,Spain,8912.45,Transfer,42,2025-11-16 19:08:00
T00070,C260,Canada,7881.14,ATM,45,2025-01-21 15:53:00
T00071,C810,Germany,6320.14,Online,35,2025-04-10 06:15:00
T00072,C515,Morocco,2095.65,Transfer,43,2025-11-11 20:57:00
T00073,C815,UAE,8135.17,Transfer,17,2025-12-01 12:57:00
T00074,C172,UK,8223.14,POS,78,2025-10-01 06:48:00
T00075,C624,Turkey,3908.89,Card,41,2025-04-19 16:20:00
T00076,C482,France,4675.2,POS,34,2025-03-19 17:57:00
T00077,C490,UAE,8311.27,Transfer,74,2025-09-25 02:57:00
T00078,C936,Canada,28967.38,POS,81,2025-01-28 04:27:00
T00079,C730,Morocco,2323.83,Card,24,2025-12-03 17:50:00
T00080,C579,USA,4306.06,ATM,55,2025-05-08 08:30:00
T00081,C209,Canada,8353.23,ATM,37,2025-05-24 02:24:00
T00082,C438,Turkey,5419.04,POS,13,2025-11-17 17:10:00
T00083,C381,USA,8166.04,Card,26,2025-09-19 20:38:00
T00084,C266,Germany,34348.91,POS,88,2025-10-01 17:56:00
T00085,C955,France,6812.45,ATM,24,2025-07-31 03:54:00
T00086,C646,Turkey,5904.38,Transfer,35,2025-06-01 16:22:00
T00087,C227,France,8375.58,Transfer,36,2025-05-06 01:51:00
T00088,C980,China,9122.12,Transfer,26,2025-12-17 10:57:00
T00089,C628,France,47956.26,ATM,93,2025-02-05 11:02:00
T00090,C547,USA,1464.44,Card,51,2025-11-04 17:42:00
T00091,C773,France,45978.74,Online,99,2025-07-27 08:40:00
T00092,C292,France,9361.09,Online,64,2025-10-30 18:34:00
T00093,C794,France,5960.78,Transfer,13,2025-01-21 11:22:00
T00094,C937,UAE,1734.83,Online,38,2025-03-09 08:31:00
T00095,C246,Turkey,5195.87,ATM,69,2025-03-15 19:54:00
T00096,C611,Spain,5513.31,Online,30,2025-11-30 00:17:00
T00097,C184,UK,6083.29,ATM,28,2025-12-20 16:16:00
T00098,C985,Turkey,319.45,Online,34,2025-11-29 16:33:00
T00099,C834,USA,87.22,ATM,7,2025-06-19 07:02:00
T00100,C531,UK,6985.96,Transfer,61,2025-02-19 08:57:00
T00101,C427,Morocco,3996.24,Online,29,2025-01-30 04:12:00
T00102,C956,Morocco,9133.66,Transfer,8,2025-05-24 11:51:00
T00103,C363,USA,1206.66,ATM,57,2025-08-14 10:55:00
T00104,C581,France,3410.98,POS,61,2025-04-14 03:51:00
T00105,C519,Canada,9768.51,ATM,60,2025-11-29 07:58:00
T00106,C604,France,5000.76,ATM,7,2025-11-02 09:12:00
T00107,C832,Morocco,1242.71,ATM,75,2025-01-01 00:10:00
T00108,C982,Canada,8896.09,ATM,31,2025-12-16 13:41:00
T00109,C849,Canada,6751.66,POS,10,2025-08-15 17:51:00
T00110,C966,Germany,2258.95,Transfer,14,2025-08-08 05:35:00
T00111,C310,Turkey,5801.69,Transfer,14,2025-03-02 14:05:00
T00112,C210,UK,2458.03,Transfer,47,2025-11-23 15:58:00
T00113,C313,Morocco,3043.35,ATM,69,2025-01-08 23:14:00
T00114,C686,UAE,143.54,POS,50,2025-02-06 23:33:00
T00115,C443,Germany,21651.33,Online,84,2025-01-27 10:49:00
T00116,C975,Morocco,5065.46,Transfer,35,2025-05-09 14:56:00
T00117,C962,China,1628.16,POS,18,2025-12-17 04:39:00
T00118,C352,France,41356.11,POS,80,2025-06-27 02:06:00
T00119,C273,UAE,7629.42,ATM,78,2025-05-09 19:09:00
T00120,C900,Canada,1373.72,ATM,43,2025-10-27 04:17:00
T00121,C466,China,9681.71,Card,78,2025-08-08 19:58:00
T00122,C798,France,8896.89,Online,79,2025-08-28 20:01:00
T00123,C946,Turkey,3942.31,Card,35,2025-10-25 22:15:00
T00124,C292,China,8941.91,ATM,40,2025-12-06 06:42:00
T00125,C859,Turkey,8011.29,ATM,12,2025-03-06 20:46:00
T00126,C313,UK,4879.85,Online,13,2025-05-09 01:52:00
T00127,C835,Turkey,1854.66,Online,79,2025-11-26 17:53:00
T00128,C289,Canada,3444.49,Card,26,2025-10-22 04:21:00
T00129,C743,UAE,8247.25,ATM,64,2025-01-11 20:31:00
T00130,C588,France,3012.53,POS,16,2025-06-29 21:06:00
T00131,C276,China,4125.39,Online,39,2025-05-07 19:36:00
T00132,C509,Germany,9180.0,Transfer,69,2025-05-26 05:29:00
T00133,C107,Germany,1761.52,ATM,49,2025-03-18 23:44:00
T00134,C662,UAE,7583.56,POS,38,2025-07-14 03:05:00
T00135,C664,Canada,723.92,Transfer,31,2025-04-07 23:27:00
T00136,C792,Spain,3298.2,Card,39,2025-06-14 02:17:00
T00137,C861,France,8293.53,Transfer,22,2025-03-07 11:03:00
T00138,C280,Spain,37285.41,Transfer,98,2025-04-17 15:34:00
T00139,C645,Turkey,10499.6,ATM,89,2025-11-16 13:21:00
T00140,C907,UK,5679.71,POS,40,2025-01-24 02:33:00
T00141,C210,France,11831.2,Online,81,2025-04-18 21:45:00
T00142,C896,Turkey,29211.4,POS,99,2025-01-21 15:55:00
T00143,C733,Germany,6414.94,POS,75,2025-04-03 16:04:00
T00144,C314,Morocco,8898.22,Card,15,2025-06-05 13:48:00
T00145,C136,France,4683.5,Card,17,2025-06-15 12:18:00
T00146,C414,China,8258.28,Card,76,2025-02-15 05:45:00
T00147,C387,UAE,2336.52,Transfer,56,2025-05-11 03:08:00
T00148,C353,China,4447.33,Online,39,2025-11-06 06:48:00
T00149,C554,Spain,3713.34,Transfer,65,2025-04-24 20:39:00
T00150,C898,Canada,6735.51,POS,39,2025-09-07 22:33:00
T00151,C120,Morocco,2116.46,ATM,23,2025-07-18 15:30:00
T00152,C238,Turkey,142.24,ATM,51,2025-03-26 14:27:00
T00153,C403,UK,37679.3,POS,86,2025-11-11 13:03:00
T00154,C652,China,1688.22,Card,13,2025-08-28 05:26:00
T00155,C690,Spain,57.71,POS,53,2025-11-07 10:47:00
T00156,C225,USA,2479.38,Online,36,2025-09-18 15:18:00
T00157,C719,China,2461.55,Online,73,2025-03-22 01:22:00
T00158,C549,UK,62.34,POS,32,2025-06-11 08:52:00
T00159,C628,France,1377.21,ATM,19,2025-07-07 11:10:00
T00160,C349,UAE,2631.78,POS,63,2025-03-22 19:22:00
T00161,C389,China,2954.75,ATM,44,2025-05-15 03:18:00
T00162,C875,USA,8727.16,Online,44,2025-12-22 11:39:00
T00163,C485,Canada,9472.65,POS,50,2025-11-12 17:50:00
T00164,C773,France,1666.38,Transfer,6,2025-05-28 06:34:00
T00165,C983,UK,5072.0,Online,34,2025-06-15 21:45:00
T00166,C431,Canada,3456.3,ATM,17,2025-01-31 20:19:00
T00167,C604,Spain,5173.49,Card,34,2025-07-07 09:05:00
T00168,C626,China,4939.83,Online,25,2025-12-23 06:15:00
T00169,C770,France,1745.95,Card,40,2025-03-13 18:30:00
T00170,C650,Turkey,4624.33,POS,79,2025-11-05 17:15:00
T00171,C380,China,6275.98,Online,37,2025-09-04 14:30:00
T00172,C898,UK,8057.18,POS,74,2025-12-16 20:34:00
T00173,C235,China,5611.18,POS,73,2025-02-19 17:49:00
T00174,C674,Spain,8787.17,ATM,35,2025-06-05 17:12:00
T00175,C472,France,1071.95,Transfer,40,2025-04-18 21:00:00
T00176,C469,France,6383.73,POS,16,2025-06-25 08:09:00
T00177,C915,UK,5562.31,POS,53,2025-01-01 15:47:00
T00178,C451,Turkey,6853.9,Card,40,2025-02-19 17:21:00
T00179,C202,China,6398.8,ATM,41,2025-10-23 21:54:00
T00180,C438,Germany,855.45,POS,19,2025-07-06 08:04:00
T00181,C617,Germany,7803.11,POS,53,2025-12-12 03:48:00
T00182,C206,Germany,2382.55,ATM,73,2025-12-06 03:38:00
T00183,C529,France,4663.44,Online,6,2025-06-24 07:48:00
T00184,C132,UAE,5336.98,POS,67,2025-02-11 12:37:00
T00185,C808,Germany,2440.76,ATM,70,2025-01-25 04:26:00
T00186,C201,Germany,4681.94,ATM,55,2025-01-06 19:46:00
T00187,C463,UK,8925.73,Online,11,2025-05-13 20:11:00
T00188,C425,Canada,4331.24,POS,48,2025-04-09 19:57:00
T00189,C334,USA,2807.65,Transfer,39,2025-08-19 09:58:00
T00190,C236,Spain,293.42,Online,32,2025-11-17 20:12:00
T00191,C213,Turkey,3806.84,ATM,43,2025-08-29 00:49:00
T00192,C446,Spain,8824.44,Card,16,2025-06-21 11:25:00
T00193,C182,Canada,2840.57,Online,64,2025-01-13 05:33:00
T00194,C490,Turkey,6849.76,ATM,7,2025-02-25 05:08:00
T00195,C309,Spain,235.75,Transfer,26,2025-03-05 09:03:00
T00196,C299,Germany,4706.48,Transfer,26,2025-02-13 05:58:00
T00197,C553,France,6245.26,ATM,36,2025-03-01 12:12:00
T00198,C846,UAE,8946.17,POS,14,2025-08-16 02:51:00
T00199,C881,Germany,916.43,Online,28,2025-10-14 00:41:00
T00200,C553,Turkey,9158.92,Online,22,2025-04-25 11:22:00
T00201,C672,UAE,4250.78,Online,7,2025-01-10 03:43:00
T00202,C645,China,9161.33,ATM,66,2025-05-06 10:19:00
T00203,C502,Morocco,41732.05,Card,94,2025-11-05 18:13:00
T00204,C397,China,30434.18,POS,88,2025-07-22 22:00:00
T00205,C508,Germany,2564.98,Transfer,8,2025-07-28 04:58:00
T00206,C135,Germany,5223.14,Online,18,2025-07-28 15:49:00
T00207,C845,Morocco,8114.75,Online,41,2025-10-01 02:54:00
T00208,C628,UAE,1849.41,Card,39,2025-08-20 07:36:00
T00209,C128,UK,7353.85,Transfer,9,2025-04-16 06:45:00
T00210,C962,Turkey,3709.83,POS,76,2025-02-15 18:07:00
T00211,C323,UAE,4069.45,POS,40,2025-10-07 23:06:00
T00212,C245,USA,697.43,POS,7,2025-10-04 13:55:00
T00213,C459,China,30906.17,Card,98,2025-10-12 05:48:00
T00214,C609,Turkey,2977.89,ATM,16,2025-11-18 19:03:00
T00215,C401,China,2884.78,POS,40,2025-01-11 01:01:00
T00216,C756,France,2216.96,POS,41,2025-12-17 01:02:00
T00217,C336,UAE,6937.46,Card,75,2025-03-19 22:24:00
T00218,C858,France,9028.66,Online,57,2025-04-04 21:39:00
T00219,C800,UK,9600.75,Card,56,2025-12-09 00:51:00
T00220,C674,Turkey,1162.98,Card,9,2025-05-26 17:28:00
T00221,C371,Turkey,44572.98,Online,86,2025-04-04 07:17:00
T00222,C718,UAE,4336.03,Card,26,2025-05-09 22:52:00
T00223,C101,Canada,4017.33,Transfer,32,2025-05-01 17:44:00
T00224,C117,Morocco,5048.58,Transfer,8,2025-04-05 23:08:00
T00225,C209,Turkey,1379.92,Online,63,2025-06-22 16:07:00
T00226,C761,Morocco,6185.12,Card,17,2025-01-25 15:16:00
T00227,C267,France,1911.77,Transfer,46,2025-02-21 23:08:00
T00228,C658,UK,9782.89,Transfer,21,2025-10-11 23:50:00
T00229,C830,Canada,6423.56,Card,11,2025-09-23 22:37:00
T00230,C485,USA,5390.94,Transfer,39,2025-09-23 05:13:00
T00231,C162,Germany,8543.57,POS,34,2025-02-25 17:41:00
T00232,C204,China,2149.7,POS,57,2025-05-17 21:29:00
T00233,C208,Canada,6781.25,POS,51,2025-08-24 07:24:00
T00234,C404,Canada,3106.92,Card,26,2025-07-29 12:50:00
T00235,C457,UK,35502.82,Card,95,2025-04-16 00:09:00
T00236,C439,UK,5753.55,ATM,24,2025-05-28 07:45:00
T00237,C559,Morocco,1392.08,Card,70,2025-02-11 01:13:00
T00238,C483,China,8769.37,Transfer,43,2025-01-24 12:26:00
T00239,C757,Germany,8831.83,POS,55,2025-04-02 15:23:00
T00240,C282,Canada,7125.1,ATM,5,2025-11-29 04:17:00
T00241,C811,Morocco,8933.56,Online,17,2025-06-04 13:00:00
T00242,C422,France,2102.72,Card,23,2025-02-18 20:02:00
T00243,C771,UAE,7137.15,Online,77,2025-11-23 21:05:00
T00244,C711,UK,6487.66,Card,19,2025-03-26 20:09:00
T00245,C364,UAE,5790.56,Transfer,6,2025-03-20 04:48:00
T00246,C832,China,6738.33,Online,29,2025-05-22 19:07:00
T00247,C345,Turkey,9085.32,Transfer,39,2025-03-16 19:30:00
T00248,C289,Turkey,22303.45,POS,84,2025-05-23 03:32:00
T00249,C516,China,8985.65,Transfer,30,2025-08-11 17:37:00
T00250,C558,USA,708.59,Card,78,2025-05-26 07:14:00
T00251,C850,Morocco,8779.8,Card,28,2025-08-11 22:26:00
T00252,C778,France,2701.81,Card,58,2025-12-01 01:31:00
T00253,C971,USA,4527.41,Online,73,2025-11-12 06:46:00
T00254,C183,Spain,2532.64,Online,41,2025-05-30 10:03:00
T00255,C805,Canada,940.17,POS,68,2025-10-25 14:26:00
T00256,C581,Spain,5278.24,Online,22,2025-01-31 17:34:00
T00257,C437,Spain,7598.11,Online,24,2025-02-02 02:17:00
T00258,C175,UK,8613.37,POS,8,2025-04-25 23:52:00
T00259,C950,Germany,4391.02,POS,61,2025-11-03 04:29:00
T00260,C661,China,5949.23,ATM,51,2025-07-02 14:20:00
T00261,C125,UAE,5214.11,Online,44,2025-03-07 23:01:00
T00262,C458,Germany,9889.76,Online,62,2025-10-25 05:40:00
T00263,C368,Germany,9962.98,POS,77,2025-12-01 09:08:00
T00264,C738,France,3586.26,Card,74,2025-10-23 04:15:00
T00265,C747,USA,9383.67,ATM,18,2025-01-29 01:16:00
T00266,C779,Spain,9326.32,Card,32,2025-02-03 18:11:00
T00267,C991,Germany,1576.65,Transfer,61,2025-03-28 17:32:00
T00268,C368,Spain,4433.82,POS,53,2025-09-21 01:50:00
T00269,C468,Turkey,8458.75,POS,62,2025-11-27 07:20:00
T00270,C819,Morocco,3713.84,ATM,10,2025-03-02 14:30:00
T00271,C500,France,5379.58,ATM,71,2025-08-29 15:25:00
T00272,C116,UAE,9169.33,Card,53,2025-11-11 13:23:00
T00273,C399,UAE,4016.26,ATM,44,2025-07-01 22:12:00
T00274,C414,UK,9639.04,ATM,75,2025-03-21 06:04:00
T00275,C127,Morocco,4901.61,Transfer,18,2025-09-17 05:19:00
T00276,C997,UK,2092.29,Card,64,2025-10-28 22:36:00
T00277,C973,UAE,15208.14,ATM,99,2025-09-05 08:40:00
T00278,C377,Canada,7615.81,POS,38,2025-07-14 18:53:00
T00279,C938,USA,4009.53,POS,58,2025-04-25 05:13:00
T00280,C592,Spain,19251.68,Online,98,2025-02-14 03:35:00
T00281,C373,France,3826.19,POS,11,2025-03-16 14:00:00
T00282,C558,Canada,1963.72,Card,66,2025-12-07 01:49:00
T00283,C955,France,886.79,POS,11,2025-06-26 12:32:00
T00284,C770,USA,5709.53,Transfer,72,2025-08-31 14:32:00
T00285,C581,Spain,4154.26,ATM,28,2025-07-24 03:58:00
T00286,C692,UK,7988.24,Transfer,26,2025-06-30 20:00:00
T00287,C347,Morocco,1504.47,ATM,76,2025-07-11 13:05:00
T00288,C406,Germany,4027.72,Online,6,2025-07-09 15:44:00
T00289,C177,Canada,12569.06,POS,83,2025-06-29 02:30:00
T00290,C305,Morocco,4465.97,ATM,28,2025-03-07 02:20:00
T00291,C690,Canada,8564.78,Transfer,30,2025-07-12 05:06:00
T00292,C531,Spain,2896.13,Transfer,50,2025-08-27 18:02:00
T00293,C777,UAE,3146.45,Online,6,2025-05-07 00:54:00
T00294,C498,USA,9134.48,Online,74,2025-02-22 10:28:00
T00295,C327,Morocco,3123.03,Online,41,2025-02-18 16:02:00
T00296,C691,Canada,2586.79,ATM,24,2025-05-04 23:41:00
T00297,C911,Germany,3861.11,Card,53,2025-07-16 17:15:00
T00298,C966,Canada,8503.52,POS,41,2025-06-01 09:17:00
T00299,C705,China,383.15,Card,9,2025-06-15 07:03:00
T00300,C166,UAE,7813.33,ATM,23,2025-07-20 10:54:00
T00301,C914,UAE,1932.5,Transfer,74,2025-11-27 08:04:00
T00302,C128,Morocco,9847.78,Transfer,8,2025-01-24 21:00:00
T00303,C943,China,2697.59,Transfer,71,2025-11-25 10:47:00
T00304,C285,USA,10382.56,ATM,81,2025-08-23 13:15:00
T00305,C434,UAE,2036.54,POS,49,2025-04-30 10:40:00
T00306,C170,China,1253.27,ATM,38,2025-04-19 06:51:00
T00307,C841,UAE,3816.69,Transfer,45,2025-02-19 14:06:00
T00308,C312,USA,6415.86,Transfer,17,2025-12-29 11:36:00
T00309,C273,France,44303.82,POS,97,2025-07-06 02:48:00
T00310,C766,Germany,9272.65,Transfer,71,2025-01-07 12:18:00
T00311,C335,Germany,4191.74,ATM,50,2025-01-10 06:40:00
T00312,C724,China,8129.29,Card,75,2025-04-08 17:57:00
T00313,C523,Germany,7206.09,Card,51,2025-04-13 13:41:00
T00314,C104,Spain,3550.92,POS,78,2025-03-05 23:40:00
T00315,C232,Spain,7629.78,Card,37,2025-03-18 23:17:00
T00316,C286,UK,41333.78,Transfer,81,2025-01-03 14:17:00
T00317,C329,UK,24002.55,ATM,96,2025-10-16 06:08:00
T00318,C970,Germany,4434.01,POS,55,2025-11-25 17:47:00
T00319,C120,Spain,9289.77,POS,18,2025-11-03 00:14:00
T00320,C390,Morocco,866.48,POS,31,2025-02-27 08:39:00
T00321,C324,USA,6682.03,POS,77,2025-10-13 16:25:00
T00322,C511,Spain,719.07,Online,34,2025-06-01 13:37:00
T00323,C206,Spain,8275.91,Transfer,11,2025-11-08 17:40:00
T00324,C531,Canada,4081.24,Transfer,13,2025-12-24 01:50:00
T00325,C750,France,5228.76,Online,9,2025-11-08 22:46:00
T00326,C245,UK,9166.76,Transfer,66,2025-03-18 17:01:00
T00327,C211,Spain,1065.27,ATM,24,2025-06-05 04:38:00
T00328,C519,France,1270.34,Card,30,2025-12-24 11:47:00
T00329,C275,Canada,9452.69,Transfer,72,2025-11-24 13:38:00
T00330,C451,Spain,106.48,Online,69,2025-02-11 18:40:00
T00331,C169,USA,5246.37,Card,62,2025-02-12 16:43:00
T00332,C553,Morocco,9546.62,Online,29,2025-03-24 03:40:00
T00333,C872,Turkey,7017.28,Online,77,2025-08-27 23:48:00
T00334,C994,Spain,5349.84,Card,18,2025-07-24 21:58:00
T00335,C795,Morocco,5072.29,Transfer,49,2025-11-03 19:32:00
T00336,C505,Turkey,9048.03,Card,75,2025-09-03 05:53:00
T00337,C799,Turkey,5285.42,Online,28,2025-04-07 04:50:00
T00338,C596,Germany,7240.23,Online,12,2025-07-09 20:46:00
T00339,C454,France,5215.73,Online,42,2025-07-04 09:08:00
T00340,C543,France,5589.33,POS,26,2025-09-11 00:27:00
T00341,C360,Canada,4952.22,POS,60,2025-04-06 01:17:00
T00342,C943,Spain,5800.44,Card,74,2025-11-06 22:20:00
T00343,C343,UK,9428.73,Online,20,2025-10-30 02:38:00
T00344,C587,UK,2252.72,Transfer,28,2025-10-10 02:03:00
T00345,C251,Morocco,8076.13,Transfer,21,2025-03-05 08:56:00
T00346,C287,Canada,323.53,ATM,71,2025-12-24 18:59:00
T00347,C127,France,4278.53,ATM,73,2025-01-18 01:23:00
T00348,C620,China,9612.0,Online,64,2025-12-24 10:31:00
T00349,C407,Spain,5216.67,ATM,8,2025-08-23 17:48:00
T00350,C381,USA,5494.1,Card,65,2025-02-18 16:10:00
T00351,C370,UAE,3591.29,Transfer,69,2025-01-11 14:40:00
T00352,C315,Spain,9395.95,Transfer,36,2025-02-17 02:31:00
T00353,C364,UK,6875.62,Online,51,2025-12-26 00:31:00
T00354,C493,USA,8526.85,Transfer,53,2025-01-22 22:56:00
T00355,C394,Germany,398.92,Card,23,2025-11-04 20:13:00
T00356,C135,Spain,8597.61,Card,66,2025-11-29 13:40:00
T00357,C516,UK,8481.08,ATM,28,2025-06-29 14:15:00
T00358,C885,USA,4627.15,Card,5,2025-11-27 11:14:00
T00359,C706,Spain,837.02,POS,79,2025-10-23 19:03:00
T00360,C982,France,7079.25,POS,38,2025-08-13 14:42:00
T00361,C200,Canada,1472.02,ATM,10,2025-02-18 13:01:00
T00362,C111,Germany,3681.32,ATM,32,2025-05-05 12:32:00
T00363,C660,Spain,7267.64,Transfer,49,2025-04-05 04:06:00
T00364,C657,China,1230.6,ATM,56,2025-11-04 18:20:00
T00365,C206,UAE,5648.42,Card,18,2025-08-20 21:26:00
T00366,C654,UAE,2171.81,Online,66,2025-04-23 06:23:00
T00367,C429,China,8939.55,Card,70,2025-03-07 22:23:00
T00368,C349,Turkey,7050.58,ATM,13,2025-08-29 00:36:00
T00369,C164,UAE,220.67,POS,74,2025-08-28 01:55:00
T00370,C640,China,5259.13,ATM,67,2025-04-10 08:07:00
T00371,C757,China,8612.97,Online,54,2025-11-27 07:19:00
T00372,C787,USA,7044.7,ATM,71,2025-06-20 10:44:00
T00373,C521,China,7469.81,ATM,6,2025-01-25 19:54:00
T00374,C462,Germany,3724.32,POS,78,2025-09-28 04:06:00
T00375,C848,Germany,676.62,Card,41,2025-02-18 21:43:00
T00376,C482,China,7479.96,Online,28,2025-11-10 01:55:00
T00377,C477,China,8612.87,Card,17,2025-09-05 15:52:00
T00378,C813,China,2885.69,Transfer,56,2025-12-01 13:00:00
T00379,C751,Turkey,5979.2,Online,16,2025-02-23 03:00:00
T00380,C660,Morocco,5152.45,Online,42,2025-07-12 05:14:00
T00381,C731,UAE,7139.9,POS,65,2025-05-31 21:04:00
T00382,C637,UK,6898.05,Transfer,41,2025-09-26 07:05:00
T00383,C400,Morocco,3357.3,Transfer,34,2025-08-17 03:28:00
T00384,C515,Canada,2106.92,ATM,16,2025-10-30 09:34:00
T00385,C468,USA,9901.36,Online,75,2025-01-16 11:00:00
T00386,C105,UK,934.14,Online,32,2025-09-04 06:32:00
T00387,C857,Morocco,7470.02,ATM,52,2025-12-20 05:58:00
T00388,C413,China,4202.41,Online,58,2025-10-07 22:08:00
T00389,C644,Morocco,4458.79,POS,61,2025-07-02 13:54:00
T00390,C276,France,8876.93,Transfer,73,2025-09-21 03:55:00
T00391,C882,Turkey,6503.84,POS,27,2025-02-25 05:56:00
T00392,C584,Germany,734.01,Transfer,73,2025-09-19 17:38:00
T00393,C668,Canada,2084.55,Transfer,23,2025-02-19 03:12:00
T00394,C831,UAE,34527.75,Online,80,2025-03-05 05:55:00
T00395,C467,USA,5332.7,Online,21,2025-07-13 10:02:00
T00396,C493,Spain,6889.77,ATM,50,2025-07-04 17:39:00
T00397,C695,Germany,874.43,Card,55,2025-09-07 17:48:00
T00398,C336,Spain,8383.37,POS,7,2025-07-10 05:49:00
T00399,C665,UAE,340.45,Transfer,50,2025-12-29 05:07:00
T00400,C887,France,7992.24,Transfer,12,2025-10-02 09:57:00
T00401,C361,UK,7201.63,Card,65,2025-12-19 22:49:00
T00402,C123,USA,9595.19,Transfer,77,2025-02-22 05:41:00
T00403,C651,Morocco,7895.99,Online,67,2025-06-04 23:34:00
T00404,C396,France,28462.34,Online,99,2025-01-30 22:21:00
T00405,C577,France,459.64,POS,22,2025-10-19 13:42:00
T00406,C402,Canada,4740.63,ATM,9,2025-07-09 22:16:00
T00407,C891,France,4179.84,Transfer,45,2025-02-10 15:16:00
T00408,C262,UK,7041.46,Card,26,2025-02-25 09:35:00
T00409,C382,Turkey,4141.52,Online,73,2025-12-06 12:54:00
T00410,C599,Spain,798.76,POS,32,2025-11-23 08:10:00
T00411,C528,UK,1002.57,Transfer,44,2025-09-28 18:08:00
T00412,C529,UK,8948.53,Online,69,2025-06-27 16:46:00
T00413,C372,China,3440.48,ATM,39,2025-01-10 07:55:00
T00414,C678,Spain,5447.24,POS,43,2025-07-13 16:59:00
T00415,C994,Spain,18471.43,ATM,92,2025-06-21 19:40:00
T00416,C278,China,2949.99,Card,23,2025-01-25 06:24:00
T00417,C399,France,6263.92,Card,78,2025-05-03 20:19:00
T00418,C744,Morocco,3441.35,Card,61,2025-03-29 14:46:00
T00419,C246,Turkey,6907.53,ATM,46,2025-03-08 10:42:00
T00420,C666,UAE,6462.94,POS,69,2025-02-15 19:00:00
T00421,C944,Turkey,6852.94,Card,58,2025-06-28 15:56:00
T00422,C399,France,700.19,POS,24,2025-08-25 01:52:00
T00423,C589,France,53.61,Transfer,17,2025-05-05 04:47:00
T00424,C117,China,2356.24,Transfer,73,2025-01-16 11:07:00
T00425,C379,Spain,2402.86,ATM,77,2025-03-19 09:15:00
T00426,C261,Canada,8323.71,POS,41,2025-08-14 19:45:00
T00427,C737,Turkey,1109.47,Transfer,50,2025-10-24 06:50:00
T00428,C490,France,4286.37,Card,64,2025-07-27 12:00:00
T00429,C742,USA,7623.49,ATM,65,2025-05-27 09:25:00
T00430,C480,Germany,5101.28,ATM,47,2025-01-08 23:53:00
T00431,C863,China,8017.14,Transfer,57,2025-12-27 01:46:00
T00432,C945,Germany,395.59,POS,23,2025-09-01 18:53:00
T00433,C578,China,5965.84,Card,72,2025-09-21 06:43:00
T00434,C190,Spain,5428.43,Transfer,67,2025-09-06 01:44:00
T00435,C861,USA,7797.91,Transfer,53,2025-01-29 16:02:00
T00436,C414,USA,2761.81,ATM,53,2025-01-27 20:26:00
T00437,C738,UAE,726.67,Transfer,13,2025-01-16 22:48:00
T00438,C535,Spain,6023.42,POS,39,2025-08-21 14:27:00
T00439,C355,UAE,1791.68,Card,23,2025-09-12 14:20:00
T00440,C267,Germany,8890.73,POS,76,2025-06-28 03:41:00
T00441,C731,China,147.17,Transfer,24,2025-02-23 21:44:00
T00442,C223,China,1605.9,Card,19,2025-07-13 10:17:00
T00443,C496,Turkey,2814.36,Online,79,2025-10-16 13:12:00
T00444,C107,USA,7575.92,Online,23,2025-03-23 23:51:00
T00445,C312,China,471.92,Online,70,2025-04-14 23:15:00
T00446,C749,Germany,6843.89,Online,15,2025-10-23 08:15:00
T00447,C931,France,8461.33,POS,34,2025-07-15 02:10:00
T00448,C733,UK,1959.54,Online,67,2025-11-29 07:51:00
T00449,C185,Germany,3052.77,POS,46,2025-08-02 16:03:00
T00450,C941,Germany,4532.53,ATM,61,2025-01-29 09:27:00
T00451,C210,Spain,1392.34,Online,39,2025-06-17 21:13:00
T00452,C580,Turkey,5362.93,ATM,10,2025-10-01 09:57:00
T00453,C864,China,2539.1,ATM,28,2025-12-27 02:09:00
T00454,C377,UAE,2223.79,Transfer,67,2025-09-15 07:03:00
T00455,C194,Germany,11559.25,Card,87,2025-03-29 16:15:00
T00456,C602,Turkey,6503.6,Card,12,2025-02-02 14:42:00
T00457,C282,USA,5927.52,Card,38,2025-08-21 06:15:00
T00458,C132,USA,3906.82,Transfer,30,2025-11-11 00:59:00
T00459,C376,Germany,7461.46,POS,15,2025-10-10 20:32:00
T00460,C492,Morocco,3420.86,Transfer,31,2025-09-21 15:55:00
T00461,C694,UK,18097.62,Card,80,2025-06-06 21:18:00
T00462,C738,Spain,18388.13,ATM,89,2025-08-17 16:59:00
T00463,C273,Turkey,1788.75,Transfer,33,2025-08-20 14:21:00
T00464,C846,China,2002.23,ATM,9,2025-01-24 17:33:00
T00465,C877,France,6719.9,ATM,14,2025-03-07 02:18:00
T00466,C762,Turkey,5547.45,Online,36,2025-05-21 19:48:00
T00467,C808,Morocco,21574.84,Transfer,86,2025-05-24 19:31:00
T00468,C420,UAE,1488.85,ATM,47,2025-02-14 20:19:00
T00469,C295,UK,3545.95,Transfer,7,2025-04-18 06:21:00
T00470,C445,France,5106.92,POS,35,2025-09-18 01:03:00
T00471,C158,USA,6150.38,Online,68,2025-05-27 18:49:00
T00472,C325,Turkey,26415.56,Transfer,88,2025-04-30 18:22:00
T00473,C745,USA,3120.64,POS,27,2025-09-18 17:04:00
T00474,C530,UK,1761.56,POS,26,2025-10-25 03:37:00
T00475,C896,Canada,1812.56,POS,55,2025-06-13 23:08:00
T00476,C608,China,7471.22,POS,6,2025-08-26 11:40:00
T00477,C847,Morocco,9154.98,Transfer,9,2025-09-20 20:07:00
T00478,C195,Morocco,25506.57,Card,96,2025-07-03 12:05:00
T00479,C213,Germany,9429.14,Online,15,2025-03-22 01:31:00
T00480,C740,UK,3715.97,POS,45,2025-10-13 00:27:00
T00481,C163,Canada,7789.99,Online,25,2025-03-12 09:10:00
T00482,C994,UAE,821.41,POS,43,2025-05-24 06:09:00
T00483,C928,China,2236.51,POS,44,2025-08-29 03:55:00
T00484,C954,China,4714.1,Card,66,2025-04-12 19:51:00
T00485,C859,Spain,7537.67,ATM,7,2025-02-05 10:23:00
T00486,C767,Germany,2818.46,POS,63,2025-05-25 16:29:00
T00487,C824,Canada,6065.55,ATM,29,2025-07-21 00:46:00
T00488,C116,France,9120.86,POS,45,2025-08-09 05:52:00
T00489,C649,Canada,6589.83,Online,55,2025-05-12 03:21:00
T00490,C615,Canada,5393.3,ATM,31,2025-03-07 18:00:00
T00491,C822,Canada,4853.22,POS,6,2025-10-07 07:18:00
T00492,C672,USA,3611.31,Transfer,75,2025-09-21 15:08:00
T00493,C689,Germany,3305.17,POS,64,2025-03-30 17:13:00
T00494,C496,UK,728.26,POS,19,2025-11-25 12:14:00
T00495,C553,Morocco,7437.36,ATM,40,2025-03-14 17:47:00
T00496,C954,Turkey,5891.22,Online,68,2025-06-14 23:32:00
T00497,C202,Morocco,9936.24,Transfer,20,2025-12-29 16:39:00
T00498,C678,UAE,1185.67,ATM,14,2025-08-26 02:41:00
T00499,C622,USA,2330.61,Transfer,33,2025-11-23 13:27:00
T00500,C222,Morocco,27351.18,POS,91,2025-09-05 08:58:00
T00501,C725,France,1455.13,ATM,24,2025-02-17 15:48:00
T00502,C870,Germany,2547.9,Online,12,2025-04-07 00:38:00
T00503,C512,France,3105.04,Online,51,2025-02-15 08:26:00
T00504,C502,Canada,33366.23,Online,87,2025-09-16 09:28:00
T00505,C202,Spain,3714.04,Card,24,2025-09-02 02:59:00
T00506,C857,UAE,6706.12,POS,41,2025-08-11 16:35:00
T00507,C476,France,9722.54,Card,44,2025-07-05 04:54:00
T00508,C725,France,9439.97,Transfer,34,2025-11-18 15:55:00
T00509,C867,UAE,1475.32,Card,79,2025-06-15 12:44:00
T00510,C363,UAE,6918.62,Transfer,66,2025-06-23 22:11:00
T00511,C154,Spain,41339.3,Online,81,2025-02-23 19:25:00
T00512,C528,Turkey,652.04,Online,30,2025-07-14 09:00:00
T00513,C804,UK,4726.51,Transfer,56,2025-02-20 19:08:00
T00514,C268,China,9785.5,Transfer,38,2025-03-27 16:36:00
T00515,C224,UK,8884.37,Transfer,25,2025-08-15 21:20:00
T00516,C135,UK,908.2,Transfer,48,2025-11-22 01:37:00
T00517,C296,Morocco,6738.24,Card,19,2025-07-18 12:23:00
T00518,C778,France,5356.8,POS,52,2025-10-09 01:35:00
T00519,C168,China,6998.83,Online,55,2025-10-20 03:11:00
T00520,C114,UAE,1215.52,Card,79,2025-11-21 21:46:00
T00521,C365,UK,5554.18,Transfer,48,2025-06-25 16:22:00
T00522,C971,China,360.23,ATM,49,2025-07-13 09:31:00
T00523,C230,France,5020.73,Transfer,9,2025-01-18 22:46:00
T00524,C173,UAE,7133.06,Card,76,2025-03-06 10:26:00
T00525,C900,China,4910.86,POS,69,2025-05-14 19:38:00
T00526,C550,USA,6313.02,ATM,29,2025-08-18 08:44:00
T00527,C756,Morocco,7815.98,Online,24,2025-12-17 23:10:00
T00528,C649,UAE,6271.25,Card,54,2025-01-18 19:54:00
T00529,C417,China,277.25,ATM,51,2025-10-14 17:03:00
T00530,C386,Turkey,5377.59,Transfer,61,2025-01-19 02:07:00
T00531,C877,Germany,230.88,Transfer,40,2025-08-06 22:56:00
T00532,C985,Spain,6789.94,POS,63,2025-08-07 06:33:00
T00533,C646,Turkey,9337.23,Card,66,2025-07-05 17:47:00
T00534,C607,Turkey,537.6,Online,33,2025-04-08 15:31:00
T00535,C661,France,7658.49,Transfer,44,2025-03-16 21:29:00
T00536,C570,Morocco,206.46,Online,40,2025-08-16 23:03:00
T00537,C193,USA,3094.97,Card,20,2025-11-02 01:06:00
T00538,C421,France,549.42,ATM,37,2025-03-27 22:08:00
T00539,C205,Germany,1687.67,ATM,79,2025-07-24 17:01:00
T00540,C182,Spain,7282.1,POS,16,2025-11-07 14:59:00
T00541,C608,Canada,3302.17,POS,15,2025-03-14 17:41:00
T00542,C448,France,984.98,ATM,57,2025-06-14 15:25:00
T00543,C766,Germany,6771.65,ATM,26,2025-11-20 17:40:00
T00544,C285,UAE,2331.98,POS,63,2025-09-17 14:09:00
T00545,C961,Morocco,3151.28,ATM,79,2025-06-15 12:12:00
T00546,C429,UAE,3200.83,Online,17,2025-11-29 11:08:00
T00547,C941,UK,2763.86,Card,33,2025-01-13 09:31:00
T00548,C694,France,57.21,Online,76,2025-07-18 20:59:00
T00549,C858,Germany,9369.23,POS,73,2025-09-26 20:51:00
T00550,C532,UAE,30481.66,Card,81,2025-07-06 18:14:00
T00551,C593,China,7471.33,Card,42,2025-02-01 20:13:00
T00552,C634,China,7070.9,POS,72,2025-08-02 00:14:00
T00553,C162,UAE,1281.77,Online,60,2025-02-01 02:57:00
T00554,C184,China,5397.0,Transfer,11,2025-11-06 20:29:00
T00555,C373,UK,8019.23,Card,8,2025-04-17 07:38:00
T00556,C907,France,1207.23,Card,59,2025-05-24 16:21:00
T00557,C430,Morocco,7777.29,Card,35,2025-07-29 16:39:00
T00558,C693,Spain,41320.17,Card,99,2025-10-12 12:32:00
T00559,C787,France,9280.06,Card,47,2025-01-05 15:13:00
T00560,C317,China,8624.73,POS,65,2025-04-14 04:11:00
T00561,C811,France,9589.42,Card,63,2025-10-19 12:26:00
T00562,C634,China,9450.02,Card,70,2025-01-12 20:07:00
T00563,C774,UK,1354.17,ATM,76,2025-06-06 22:40:00
T00564,C728,USA,4142.05,Transfer,73,2025-04-13 03:31:00
T00565,C235,Spain,1005.52,POS,30,2025-10-09 01:58:00
T00566,C275,Canada,7431.52,Transfer,41,2025-01-01 10:35:00
T00567,C664,Turkey,6276.18,POS,73,2025-02-07 00:29:00
T00568,C480,Canada,3670.52,Card,22,2025-07-17 04:45:00
T00569,C577,Germany,21572.05,Card,83,2025-09-28 09:22:00
T00570,C382,Germany,4423.73,POS,10,2025-04-28 17:15:00
T00571,C965,Spain,1450.5,Card,67,2025-05-01 15:09:00
T00572,C854,UAE,5993.15,Online,44,2025-09-26 22:36:00
T00573,C696,Germany,2217.3,POS,39,2025-08-17 13:22:00
T00574,C171,France,47381.44,Card,84,2025-03-16 19:57:00
T00575,C768,Morocco,4612.37,ATM,75,2025-03-15 03:31:00
T00576,C512,UK,7218.42,Transfer,74,2025-04-27 08:22:00
T00577,C594,USA,12324.87,ATM,91,2025-02-16 17:23:00
T00578,C261,Canada,21335.04,Card,90,2025-05-22 20:34:00
T00579,C791,Germany,2409.34,POS,14,2025-09-02 13:39:00
T00580,C367,UK,24141.76,Online,80,2025-12-23 03:23:00
T00581,C179,Turkey,222.88,ATM,66,2025-03-15 08:52:00
T00582,C430,China,9851.97,Online,57,2025-01-18 17:36:00
T00583,C268,USA,447.53,Transfer,55,2025-05-09 14:44:00
T00584,C941,Spain,1124.51,Online,20,2025-08-30 16:10:00
T00585,C901,Morocco,8864.09,ATM,22,2025-12-23 01:31:00
T00586,C855,France,152.29,Transfer,70,2025-08-25 06:14:00
T00587,C151,Germany,6586.63,ATM,79,2025-02-19 00:15:00
T00588,C989,UAE,2045.26,Transfer,17,2025-10-04 17:08:00
T00589,C983,France,9114.74,Transfer,35,2025-07-21 03:20:00
T00590,C279,UK,3218.18,ATM,14,2025-05-10 21:13:00
T00591,C542,UAE,1033.58,Online,5,2025-07-05 22:43:00
T00592,C597,Morocco,170.86,Online,37,2025-05-07 21:32:00
T00593,C742,Germany,5776.79,ATM,37,2025-07-14 08:19:00
T00594,C928,Spain,7747.13,Transfer,64,2025-01-26 02:30:00
T00595,C467,France,7986.1,POS,58,2025-05-12 10:26:00
T00596,C916,Turkey,8874.86,Card,73,2025-10-17 13:47:00
T00597,C372,France,4544.09,Online,78,2025-11-18 19:16:00
T00598,C249,Morocco,9002.0,POS,38,2025-11-12 19:13:00
T00599,C248,France,4971.07,ATM,21,2025-11-10 08:30:00
T00600,C617,Spain,7075.09,ATM,45,2025-05-03 04:34:00
T00601,C668,China,1252.01,Card,66,2025-03-18 03:28:00
T00602,C655,France,8441.85,Card,24,2025-12-16 16:58:00
T00603,C783,Canada,4148.97,ATM,71,2025-07-18 01:15:00
T00604,C871,Spain,4579.31,Card,72,2025-08-13 15:13:00
T00605,C962,Canada,7082.29,Card,51,2025-01-10 21:10:00
T00606,C306,UK,74.75,ATM,45,2025-06-06 09:22:00
T00607,C583,Germany,8086.93,POS,6,2025-03-09 18:20:00
T00608,C863,China,2744.93,ATM,60,2025-07-03 02:45:00
T00609,C315,UK,3748.56,Card,34,2025-12-21 06:02:00
T00610,C904,UK,9984.88,Card,58,2025-06-12 18:49:00
T00611,C519,Spain,8377.32,Card,48,2025-03-24 19:30:00
T00612,C606,Germany,3292.13,Card,47,2025-05-10 23:08:00
T00613,C914,UK,7226.56,ATM,55,2025-10-25 04:36:00
T00614,C376,China,1916.93,Card,9,2025-05-21 16:15:00
T00615,C465,UAE,9478.43,Transfer,37,2025-12-03 00:03:00
T00616,C133,China,5293.84,POS,5,2025-12-01 23:52:00
T00617,C189,Morocco,10504.21,POS,93,2025-02-13 14:16:00
T00618,C541,Spain,5523.3,POS,38,2025-03-15 22:40:00
T00619,C641,France,7954.78,Card,38,2025-10-03 10:54:00
T00620,C379,France,2059.63,Transfer,77,2025-01-06 08:43:00
T00621,C468,Spain,3158.95,Card,8,2025-12-13 02:28:00
T00622,C942,Spain,9869.3,Online,62,2025-04-02 23:07:00
T00623,C799,UK,5411.7,Online,20,2025-04-01 10:56:00
T00624,C347,Germany,6290.53,Transfer,43,2025-06-19 15:54:00
T00625,C525,China,1508.2,Transfer,69,2025-12-03 02:34:00
T00626,C700,UK,19779.76,Card,88,2025-08-21 10:39:00
T00627,C836,China,6435.83,POS,73,2025-07-29 14:07:00
T00628,C603,USA,309.88,Transfer,52,2025-10-21 18:14:00
T00629,C505,China,9157.0,Online,66,2025-06-15 22:17:00
T00630,C188,Germany,8853.19,Online,14,2025-08-10 18:57:00
T00631,C324,Morocco,6525.57,ATM,40,2025-03-05 08:45:00
T00632,C355,UK,152.35,POS,62,2025-07-10 01:03:00
T00633,C800,USA,2869.63,ATM,21,2025-01-01 01:34:00
T00634,C948,Spain,9260.99,Transfer,7,2025-10-06 00:35:00
T00635,C723,Canada,5832.48,Online,25,2025-10-16 20:04:00
T00636,C397,Turkey,2510.01,Card,46,2025-09-04 18:53:00
T00637,C347,Spain,8614.78,POS,21,2025-02-15 02:57:00
T00638,C431,Turkey,3658.65,Online,12,2025-06-16 23:12:00
T00639,C346,Germany,5529.77,Transfer,22,2025-08-09 20:16:00
T00640,C207,Turkey,9687.38,Transfer,9,2025-03-18 18:33:00
T00641,C640,UAE,9842.57,Transfer,60,2025-02-24 12:43:00
T00642,C181,France,6671.17,Online,58,2025-02-14 23:28:00
T00643,C483,France,30252.95,POS,84,2025-10-02 15:02:00
T00644,C674,UK,5860.52,POS,49,2025-06-11 18:49:00
T00645,C302,China,8849.86,Transfer,13,2025-03-06 22:07:00
T00646,C581,USA,1873.44,Transfer,13,2025-04-20 06:55:00
T00647,C156,UK,242.18,ATM,25,2025-02-20 08:56:00
T00648,C964,Morocco,1308.77,ATM,78,2025-03-02 03:37:00
T00649,C545,Spain,6141.23,ATM,28,2025-07-18 11:51:00
T00650,C399,USA,26061.12,ATM,90,2025-03-19 09:05:00
T00651,C216,France,5750.33,Card,23,2025-11-05 07:07:00
T00652,C570,China,5742.59,Online,75,2025-12-29 16:29:00
T00653,C920,Germany,9043.26,POS,6,2025-09-16 00:23:00
T00654,C382,France,316.46,POS,8,2025-10-05 11:37:00
T00655,C118,Spain,878.13,POS,6,2025-04-30 21:09:00
T00656,C106,Spain,7646.33,Card,47,2025-08-25 13:58:00
T00657,C899,France,4622.88,Online,56,2025-03-04 04:40:00
T00658,C949,Morocco,8941.28,ATM,31,2025-04-23 18:28:00
T00659,C139,China,6651.59,POS,46,2025-10-22 08:46:00
T00660,C458,Canada,1018.33,Card,25,2025-12-17 13:47:00
T00661,C576,UAE,1992.53,ATM,14,2025-02-25 10:20:00
T00662,C269,Germany,9286.73,ATM,33,2025-03-26 01:02:00
T00663,C450,UK,2145.06,ATM,13,2025-02-12 06:05:00
T00664,C226,Canada,2375.34,ATM,61,2025-12-25 20:03:00
T00665,C677,France,1910.14,ATM,30,2025-10-22 08:36:00
T00666,C175,UK,3994.91,POS,45,2025-04-04 04:29:00
T00667,C401,Canada,6923.3,ATM,68,2025-06-28 21:05:00
T00668,C563,Morocco,2055.08,Transfer,17,2025-01-16 22:32:00
T00669,C866,USA,7983.39,Transfer,24,2025-02-05 20:21:00
T00670,C602,Canada,4901.08,Online,58,2025-10-05 17:17:00
T00671,C567,China,2034.1,POS,66,2025-10-24 00:00:00
T00672,C485,France,2082.0,Card,43,2025-04-09 08:32:00
T00673,C935,UK,7970.22,ATM,42,2025-09-15 18:56:00
T00674,C874,Spain,337.66,POS,78,2025-03-21 05:03:00
T00675,C126,China,4466.57,Transfer,9,2025-07-13 20:16:00
T00676,C489,France,543.72,Card,68,2025-09-22 02:50:00
T00677,C144,UK,4178.57,POS,74,2025-01-28 13:05:00
T00678,C893,Canada,6501.21,Card,41,2025-10-18 01:01:00
T00679,C339,Canada,4889.99,Online,59,2025-03-01 06:10:00
T00680,C953,Germany,39972.78,Transfer,98,2025-07-10 03:32:00
T00681,C721,China,1875.39,ATM,32,2025-12-31 21:42:00
T00682,C348,France,35040.81,ATM,96,2025-01-14 19:22:00
T00683,C313,Spain,611.48,ATM,24,2025-11-24 13:52:00
T00684,C480,UAE,963.4,Card,19,2025-04-23 22:08:00
T00685,C157,UAE,2854.18,ATM,75,2025-03-17 04:18:00
T00686,C125,China,40549.63,ATM,93,2025-01-28 13:14:00
T00687,C324,France,3733.89,POS,70,2025-12-29 03:12:00
T00688,C156,China,32318.82,POS,90,2025-08-30 04:51:00
T00689,C798,Turkey,9481.82,POS,55,2025-05-12 01:17:00
T00690,C237,UK,48769.91,Online,98,2025-07-04 15:44:00
T00691,C718,France,5248.94,Card,19,2025-07-18 23:59:00
T00692,C706,USA,3204.04,POS,25,2025-11-25 02:12:00
T00693,C620,USA,677.94,ATM,56,2025-10-25 23:12:00
T00694,C405,Spain,7248.83,Card,73,2025-11-13 02:40:00
T00695,C104,China,5600.26,Card,76,2025-10-29 18:44:00
T00696,C137,UAE,4646.73,ATM,53,2025-03-06 23:52:00
T00697,C708,Morocco,5893.63,POS,29,2025-01-29 06:41:00
T00698,C776,France,2992.22,Transfer,58,2025-09-12 08:30:00
T00699,C602,France,9147.78,Transfer,39,2025-05-26 00:42:00
T00700,C520,UAE,1989.24,Online,15,2025-10-30 11:01:00
T00701,C508,China,4040.29,Transfer,8,2025-09-10 12:56:00
T00702,C788,USA,7394.71,POS,59,2025-01-22 08:43:00
T00703,C217,Germany,1298.49,Online,16,2025-10-23 21:00:00
T00704,C750,UK,950.06,Card,32,2025-11-26 22:36:00
T00705,C217,Canada,7286.51,Online,20,2025-07-12 22:14:00
T00706,C282,China,3699.19,Online,9,2025-02-23 18:25:00
T00707,C933,Spain,3932.76,Online,53,2025-03-21 15:07:00
T00708,C856,France,141.65,ATM,42,2025-02-14 13:55:00
T00709,C865,Canada,6626.08,POS,53,2025-02-03 19:41:00
T00710,C121,USA,17394.86,Transfer,95,2025-05-06 00:49:00
T00711,C392,Canada,5507.05,POS,38,2025-08-25 12:44:00
T00712,C812,France,3704.78,Card,14,2025-08-14 21:59:00
T00713,C560,Canada,3743.93,Online,77,2025-09-07 08:53:00
T00714,C405,Morocco,6633.79,ATM,66,2025-09-29 14:56:00
T00715,C940,UK,9633.31,Card,20,2025-11-19 09:55:00
T00716,C679,Canada,47380.22,POS,99,2025-11-18 10:43:00
T00717,C479,Canada,7215.51,Transfer,34,2025-04-13 09:59:00
T00718,C544,Turkey,1376.95,Online,50,2025-03-07 16:37:00
T00719,C892,USA,4676.38,ATM,64,2025-01-10 03:51:00
T00720,C206,Germany,9324.47,Transfer,42,2025-10-14 17:01:00
T00721,C366,USA,9660.04,Card,67,2025-12-22 00:29:00
T00722,C437,Turkey,9168.55,Transfer,15,2025-02-16 14:08:00
T00723,C453,Canada,29001.17,Transfer,93,2025-02-06 14:05:00
T00724,C359,Canada,370.23,Transfer,65,2025-04-06 20:51:00
T00725,C830,Turkey,9927.06,Card,32,2025-06-21 12:00:00
T00726,C555,Germany,8259.31,Transfer,79,2025-08-09 01:56:00
T00727,C262,UAE,6631.52,Transfer,66,2025-09-23 19:11:00
T00728,C780,Turkey,724.85,Online,39,2025-10-10 07:19:00
T00729,C857,France,5769.61,Online,17,2025-12-10 07:18:00
T00730,C755,Turkey,3600.43,Online,74,2025-01-29 19:58:00
T00731,C456,Canada,6776.52,Transfer,16,2025-05-30 20:16:00
T00732,C377,USA,4326.65,Transfer,57,2025-08-20 18:41:00
T00733,C664,UAE,7640.12,Transfer,74,2025-09-14 19:40:00
T00734,C761,UAE,9892.74,Card,61,2026-01-01 23:27:00
T00735,C197,UAE,6241.5,Card,43,2025-11-16 04:45:00
T00736,C372,Canada,8034.22,Online,21,2025-10-07 11:50:00
T00737,C393,UK,4596.83,Transfer,33,2025-07-14 15:01:00
T00738,C636,Morocco,1061.18,Online,65,2025-09-19 09:48:00
T00739,C876,Canada,8160.5,ATM,48,2025-04-03 20:38:00
T00740,C141,UK,4274.35,Online,37,2025-01-18 09:21:00
T00741,C247,UK,393.44,POS,33,2025-06-27 01:49:00
T00742,C198,France,2063.89,Online,59,2025-10-20 22:43:00
T00743,C417,Morocco,2229.39,Card,65,2025-04-18 23:12:00
T00744,C171,Spain,7601.84,ATM,53,2025-11-14 06:11:00
T00745,C756,Spain,3186.03,POS,10,2025-02-16 09:30:00
T00746,C512,China,2157.48,Transfer,60,2025-07-15 07:31:00
T00747,C810,China,2956.76,ATM,78,2025-07-05 01:14:00
T00748,C142,China,2194.65,POS,59,2025-09-25 08:35:00
T00749,C843,France,18460.08,Online,84,2025-01-03 16:28:00
T00750,C390,UAE,4915.37,Card,13,2025-03-28 04:17:00
T00751,C328,UAE,1365.42,Card,17,2025-11-02 05:12:00
T00752,C712,USA,2250.14,Card,63,2025-02-26 14:58:00
T00753,C207,USA,9009.11,Card,27,2025-02-28 17:42:00
T00754,C264,UK,701.17,Transfer,56,2025-02-23 16:17:00
T00755,C988,USA,37798.18,ATM,95,2025-01-10 12:34:00
T00756,C743,Germany,4793.88,ATM,73,2025-05-09 23:18:00
T00757,C557,USA,5103.27,Online,33,2025-06-06 11:03:00
T00758,C147,Spain,9592.25,Online,14,2025-10-19 01:45:00
T00759,C680,Spain,8474.6,Online,38,2025-05-07 16:15:00
T00760,C540,China,5673.01,POS,65,2025-03-04 13:09:00
T00761,C447,China,4094.03,POS,59,2025-06-22 18:35:00
T00762,C812,Spain,359.13,ATM,29,2025-06-09 06:48:00
T00763,C151,France,2793.93,Card,47,2025-03-21 10:05:00
T00764,C894,UK,1810.19,Online,77,2025-08-10 18:36:00
T00765,C700,Morocco,6911.0,ATM,39,2025-01-13 15:17:00
T00766,C563,France,5698.08,POS,35,2025-08-26 12:28:00
T00767,C486,China,2849.56,Online,37,2025-10-19 18:02:00
T00768,C981,Morocco,6553.12,ATM,53,2025-04-19 14:45:00
T00769,C460,UAE,2031.79,Online,54,2025-03-06 19:43:00
T00770,C837,France,550.19,Transfer,20,2025-02-23 21:55:00
T00771,C902,France,3887.25,Online,41,2025-04-18 23:56:00
T00772,C297,UK,3617.23,Card,55,2025-12-22 23:07:00
T00773,C694,China,3472.57,Transfer,20,2025-11-26 20:22:00
T00774,C981,China,6364.03,POS,61,2025-11-06 09:22:00
T00775,C366,China,2705.71,Transfer,42,2025-02-04 17:40:00
T00776,C511,Spain,2715.27,Online,65,2025-02-21 11:53:00
T00777,C819,France,4195.13,POS,13,2025-07-14 11:16:00
T00778,C979,UK,5202.04,POS,59,2025-09-29 08:05:00
T00779,C653,Spain,8779.08,POS,29,2025-05-01 21:03:00
T00780,C885,China,3754.89,ATM,41,2025-07-25 08:15:00
T00781,C586,USA,8033.68,Card,21,2025-02-28 12:43:00
T00782,C271,UAE,1628.25,Transfer,52,2025-12-19 17:07:00
T00783,C936,UK,47462.58,POS,82,2025-11-03 13:03:00
T00784,C938,Spain,9237.29,Card,51,2025-09-06 20:53:00
T00785,C976,Morocco,4190.34,Transfer,16,2025-05-31 14:29:00
T00786,C667,UK,3236.41,ATM,63,2025-07-19 04:03:00
T00787,C898,UAE,10664.03,POS,93,2025-10-10 04:50:00
T00788,C792,Spain,3150.45,Transfer,60,2025-05-13 01:55:00
T00789,C622,Spain,9384.41,Online,59,2025-04-19 07:18:00
T00790,C614,Spain,7628.45,Card,79,2025-08-26 21:40:00
T00791,C556,Canada,34081.06,Online,91,2025-04-03 08:49:00
T00792,C725,UK,8434.6,Card,35,2025-10-04 18:07:00
T00793,C443,USA,8607.52,ATM,69,2025-11-06 01:32:00
T00794,C660,Germany,2419.1,Card,5,2025-02-15 15:28:00
T00795,C535,UK,1822.66,ATM,74,2025-10-21 20:28:00
T00796,C353,China,9116.97,Transfer,33,2025-05-16 16:04:00
T00797,C788,UAE,42252.28,ATM,89,2025-11-18 06:14:00
T00798,C964,France,6869.23,Transfer,39,2025-02-03 17:45:00
T00799,C204,Turkey,32979.67,Transfer,81,2025-11-14 10:49:00
T00800,C508,Spain,7714.93,Transfer,22,2025-07-18 04:46:00
T00801,C221,France,1253.32,ATM,16,2025-09-21 09:08:00
T00802,C333,Germany,3903.14,Transfer,24,2025-05-06 23:54:00
T00803,C101,USA,4017.05,POS,65,2025-11-30 14:25:00
T00804,C843,China,8190.77,Transfer,39,2025-01-22 03:50:00
T00805,C787,Spain,2315.39,Online,39,2025-12-14 03:19:00
T00806,C107,China,5276.48,POS,33,2025-05-11 15:03:00
T00807,C912,UK,1220.65,Transfer,59,2025-03-29 16:40:00
T00808,C395,Turkey,7301.64,POS,34,2025-03-06 03:39:00
T00809,C917,UAE,4567.19,POS,53,2025-01-27 16:39:00
T00810,C527,China,5156.78,POS,5,2025-09-16 04:52:00
T00811,C967,Morocco,4077.67,Online,6,2025-01-08 08:23:00
T00812,C250,China,395.84,Transfer,46,2025-12-01 00:23:00
T00813,C960,UK,8328.38,Card,21,2025-03-12 08:06:00
T00814,C657,Canada,5637.78,Card,68,2025-09-11 10:34:00
T00815,C984,Turkey,48842.1,Card,85,2025-11-20 17:21:00
T00816,C968,UK,3538.12,Transfer,26,2025-05-30 01:48:00
T00817,C829,France,3863.01,Transfer,44,2025-08-22 06:03:00
T00818,C497,Canada,8624.18,Online,27,2025-02-04 17:43:00
T00819,C628,UK,2374.91,ATM,51,2025-01-08 13:52:00
T00820,C295,USA,1923.76,POS,17,2025-02-09 15:12:00
T00821,C870,USA,8928.54,Transfer,66,2025-05-24 10:13:00
T00822,C267,Germany,5442.18,POS,21,2025-04-04 00:19:00
T00823,C518,Canada,7954.96,Card,64,2025-01-10 05:11:00
T00824,C304,UAE,4418.87,Online,5,2025-02-12 01:21:00
T00825,C623,France,1518.34,Transfer,70,2025-08-11 00:01:00
T00826,C836,UAE,3022.2,Online,66,2025-09-12 11:25:00
T00827,C907,Morocco,5192.47,Online,72,2025-10-29 05:18:00
T00828,C345,China,5230.99,ATM,35,2025-10-15 00:58:00
T00829,C683,China,6409.96,POS,18,2025-10-16 16:05:00
T00830,C880,UK,5683.2,Online,38,2025-07-31 12:04:00
T00831,C856,Canada,4686.71,Online,43,2025-03-29 18:53:00
T00832,C701,Spain,8745.36,Card,18,2025-01-18 06:07:00
T00833,C218,Turkey,5011.49,Transfer,65,2025-07-27 22:41:00
T00834,C422,Germany,6629.84,ATM,42,2025-07-20 08:31:00
T00835,C917,Turkey,1740.81,Transfer,40,2025-10-16 12:03:00
T00836,C970,China,6522.38,ATM,38,2025-07-01 01:48:00
T00837,C196,Germany,680.66,Transfer,14,2025-02-05 04:42:00
T00838,C332,Turkey,3028.48,ATM,70,2025-01-14 07:08:00
T00839,C646,China,41050.08,Card,82,2025-11-18 07:17:00
T00840,C438,UAE,3707.51,Card,49,2025-04-11 14:43:00
T00841,C312,Spain,4738.78,POS,52,2025-01-30 09:19:00
T00842,C802,USA,3160.87,Transfer,76,2025-04-08 10:57:00
T00843,C503,Morocco,7494.04,Card,22,2025-07-01 02:37:00
T00844,C221,Germany,9219.29,Card,38,2025-01-10 20:25:00
T00845,C937,Canada,8844.73,POS,63,2025-04-10 12:37:00
T00846,C664,China,6163.63,Transfer,44,2025-12-31 22:27:00
T00847,C868,China,5518.77,Card,67,2025-01-03 23:08:00
T00848,C396,France,4833.93,ATM,45,2025-02-17 00:42:00
T00849,C220,Germany,9995.23,ATM,22,2025-06-26 01:20:00
T00850,C981,Canada,2336.73,POS,59,2025-08-06 01:21:00
T00851,C248,Canada,2504.21,ATM,52,2025-11-21 17:09:00
T00852,C701,France,478.5,ATM,72,2025-01-29 01:10:00
T00853,C991,Canada,47619.37,Card,95,2025-02-10 17:08:00
T00854,C950,France,23203.54,Card,80,2025-03-17 07:54:00
T00855,C434,Turkey,4065.62,Online,38,2025-11-24 09:29:00
T00856,C661,UAE,7728.03,ATM,77,2025-02-15 08:59:00
T00857,C178,Spain,3934.5,ATM,15,2025-11-16 04:28:00
T00858,C531,Germany,8132.72,Online,48,2025-01-30 02:15:00
T00859,C874,Turkey,591.8,Online,12,2025-08-17 01:43:00
T00860,C160,China,4555.53,Transfer,72,2025-07-28 14:25:00
T00861,C996,USA,9032.19,POS,58,2025-09-03 09:33:00
T00862,C477,Germany,2073.86,ATM,41,2025-06-02 13:40:00
T00863,C128,China,1021.14,Online,30,2025-07-10 12:41:00
T00864,C416,Turkey,6213.79,Online,12,2025-12-22 12:02:00
T00865,C972,Canada,8408.14,Transfer,44,2025-01-27 05:42:00
T00866,C435,Germany,8394.89,POS,72,2025-01-08 04:52:00
T00867,C745,UK,5604.17,ATM,11,2025-04-29 08:54:00
T00868,C123,Morocco,1070.56,POS,34,2025-02-08 04:54:00
T00869,C672,UK,9382.58,Transfer,24,2025-09-18 22:20:00
T00870,C834,Turkey,1420.37,ATM,45,2025-04-12 19:57:00
T00871,C197,Turkey,2358.49,Transfer,9,2025-01-31 08:52:00
T00872,C621,Morocco,7673.78,Card,77,2025-10-20 02:54:00
T00873,C945,Turkey,1006.39,Card,46,2025-07-26 21:37:00
T00874,C514,France,8818.47,Online,27,2025-03-05 15:17:00
T00875,C734,Spain,7347.33,ATM,65,2025-02-22 22:04:00
T00876,C476,China,9303.78,Transfer,14,2025-10-20 18:39:00
T00877,C795,France,6806.28,POS,50,2025-02-22 17:36:00
T00878,C490,Morocco,6795.94,Online,65,2025-09-08 07:14:00
T00879,C716,Germany,3784.5,Transfer,13,2025-06-16 20:25:00
T00880,C873,Morocco,5534.35,Transfer,54,2025-12-25 01:05:00
T00881,C544,China,30001.12,POS,98,2025-04-20 15:39:00
T00882,C434,France,454.96,Transfer,76,2025-02-13 12:24:00
T00883,C695,UK,7746.77,Transfer,61,2025-12-05 08:24:00
T00884,C368,UK,593.4,Card,11,2025-02-06 07:22:00
T00885,C902,USA,9847.12,Card,30,2025-04-19 05:57:00
T00886,C277,Spain,3348.36,Online,20,2025-11-17 16:45:00
T00887,C348,Canada,9565.06,Transfer,16,2025-12-12 19:04:00
T00888,C825,UK,2743.87,Card,47,2025-04-28 01:02:00
T00889,C941,China,3956.66,ATM,5,2025-11-20 05:52:00
T00890,C142,Morocco,7268.99,Online,77,2025-02-03 13:17:00
T00891,C116,UK,1954.63,Transfer,45,2025-07-14 13:15:00
T00892,C931,UAE,2002.99,POS,12,2025-04-23 03:19:00
T00893,C538,Turkey,6351.07,ATM,67,2025-08-18 17:04:00
T00894,C937,Turkey,5045.05,Transfer,16,2025-01-30 14:34:00
T00895,C107,Morocco,1941.47,Transfer,9,2025-06-04 10:49:00
T00896,C784,France,562.67,ATM,43,2025-04-13 10:42:00
T00897,C605,Turkey,5515.48,Transfer,36,2025-08-06 13:48:00
T00898,C360,France,5460.88,Online,7,2025-03-24 02:03:00
T00899,C234,Canada,7660.98,Card,6,2025-05-08 20:15:00
T00900,C782,France,32130.93,Card,90,2025-09-12 23:59:00
T00901,C262,Germany,4299.82,Online,59,2025-07-25 00:51:00
T00902,C714,Turkey,4418.44,POS,55,2025-03-29 03:36:00
T00903,C755,Spain,3255.11,POS,45,2025-11-06 06:13:00
T00904,C451,UAE,3360.78,Card,52,2025-06-13 10:57:00
T00905,C233,USA,8235.47,ATM,22,2025-08-25 02:24:00
T00906,C283,France,5463.27,Online,59,2025-11-22 20:40:00
T00907,C594,UAE,1488.25,Card,54,2025-10-18 03:56:00
T00908,C973,Morocco,6631.15,ATM,52,2025-12-28 05:00:00
T00909,C975,China,33036.53,Card,82,2025-03-03 17:51:00
T00910,C708,France,7156.94,POS,26,2025-06-26 07:14:00
T00911,C766,Morocco,5550.58,POS,39,2025-11-07 06:59:00
T00912,C740,Turkey,7259.36,ATM,24,2025-06-11 04:39:00
T00913,C189,Canada,1103.97,POS,73,2025-05-12 10:36:00
T00914,C699,Germany,27055.97,POS,96,2025-11-22 17:33:00
T00915,C630,China,9104.81,Transfer,45,2025-11-14 12:35:00
T00916,C166,Morocco,840.08,ATM,26,2025-10-04 15:59:00
T00917,C251,Spain,2496.52,POS,36,2025-07-28 01:09:00
T00918,C918,Spain,1232.64,Card,39,2025-12-27 23:31:00
T00919,C761,Morocco,9580.06,POS,43,2025-01-31 11:23:00
T00920,C321,UK,5357.23,POS,70,2025-08-03 17:08:00
T00921,C808,Morocco,4530.09,Card,21,2025-12-10 23:50:00
T00922,C284,France,5733.8,Online,68,2025-03-01 23:30:00
T00923,C138,UK,9729.99,Online,74,2025-10-28 14:29:00
T00924,C817,Germany,7462.31,POS,19,2025-01-12 17:35:00
T00925,C387,Morocco,2673.83,ATM,62,2025-07-24 04:01:00
T00926,C286,Germany,1268.06,Transfer,71,2025-04-09 08:37:00
T00927,C603,UAE,1510.65,Online,53,2025-11-19 19:32:00
T00928,C971,France,2832.25,ATM,68,2025-10-18 04:13:00
T00929,C967,Germany,1433.45,Card,6,2025-03-30 19:22:00
T00930,C837,UK,37583.34,Card,90,2025-08-30 09:05:00
T00931,C254,Spain,9686.12,Card,69,2025-06-11 10:21:00
T00932,C700,Spain,42793.62,Online,98,2025-01-16 01:51:00
T00933,C404,UAE,6065.22,Transfer,17,2025-01-24 13:43:00
T00934,C999,Germany,3180.52,Card,48,2025-09-21 10:16:00
T00935,C604,Morocco,38190.89,Online,88,2025-11-16 02:20:00
T00936,C778,Canada,4785.12,ATM,30,2025-11-20 21:53:00
T00937,C670,Spain,9193.68,Card,23,2025-04-27 11:29:00
T00938,C399,UAE,48143.8,Transfer,81,2025-06-23 03:30:00
T00939,C270,UAE,29128.87,Card,80,2025-10-07 09:46:00
T00940,C603,Spain,5899.35,Card,35,2025-09-21 06:12:00
T00941,C489,Canada,7086.54,Card,75,2025-10-03 16:39:00
T00942,C361,Germany,1737.48,ATM,69,2025-07-30 18:16:00
T00943,C737,Morocco,28247.06,ATM,92,2025-09-22 00:28:00
T00944,C881,Turkey,6219.54,Online,12,2025-06-14 19:17:00
T00945,C371,Germany,9443.8,Online,34,2025-01-15 09:30:00
T00946,C826,France,3183.56,POS,62,2025-11-13 06:27:00
T00947,C515,China,7960.47,Card,71,2025-02-06 22:48:00
T00948,C743,China,1377.34,Transfer,9,2025-12-29 12:24:00
T00949,C640,Canada,20996.14,Online,91,2025-01-06 23:51:00
T00950,C622,China,5402.24,Online,78,2025-10-01 12:21:00
T00951,C422,Turkey,6914.2,POS,31,2025-10-06 05:21:00
T00952,C300,China,1449.92,Transfer,38,2025-03-22 07:30:00
T00953,C921,Canada,4044.92,Transfer,15,2025-10-25 06:47:00
T00954,C609,UK,39409.94,Transfer,91,2025-08-08 23:41:00
T00955,C944,USA,6424.33,Transfer,65,2025-02-23 17:10:00
T00956,C245,Canada,9113.41,POS,45,2025-05-18 17:10:00
T00957,C552,UAE,5825.92,Transfer,31,2025-12-14 07:35:00
T00958,C655,Turkey,6997.16,Transfer,12,2025-12-31 23:51:00
T00959,C669,UK,3328.87,POS,79,2025-05-29 11:26:00
T00960,C487,Morocco,6602.97,POS,27,2025-09-02 22:03:00
T00961,C903,USA,7211.73,Transfer,67,2025-07-01 09:00:00
T00962,C730,USA,9092.71,Card,69,2025-11-12 19:32:00
T00963,C206,Spain,5661.51,ATM,54,2025-04-06 05:47:00
T00964,C579,UAE,41169.67,Transfer,94,2025-05-13 07:06:00
T00965,C707,Morocco,8675.97,Card,49,2025-06-18 16:00:00
T00966,C483,Morocco,4816.99,POS,19,2025-07-28 01:58:00
T00967,C718,Spain,907.54,Card,25,2025-11-24 14:32:00
T00968,C222,Canada,5990.11,ATM,78,2025-10-04 02:07:00
T00969,C624,USA,5913.51,ATM,58,2025-10-15 05:55:00
T00970,C254,USA,3837.29,Card,70,2025-09-19 15:42:00
T00971,C429,China,6080.93,Card,35,2025-07-01 17:41:00
T00972,C418,USA,5064.18,POS,46,2025-01-02 21:26:00
T00973,C802,China,8590.32,Online,45,2025-10-06 03:40:00
T00974,C494,UK,8194.57,ATM,10,2025-08-13 00:29:00
T00975,C201,China,1696.14,ATM,72,2025-11-28 15:55:00
T00976,C946,UAE,4725.73,Card,79,2025-02-15 11:17:00
T00977,C314,Germany,7677.92,Card,78,2025-05-10 14:51:00
T00978,C915,France,6323.07,ATM,37,2025-02-27 10:54:00
T00979,C771,UAE,5732.14,ATM,38,2025-03-08 04:19:00
T00980,C175,UAE,9877.05,Online,67,2025-12-11 20:35:00
T00981,C781,USA,2866.07,ATM,64,2025-12-13 04:09:00
T00982,C444,UK,3823.66,POS,9,2025-12-08 22:35:00
T00983,C867,UK,5859.49,Card,15,2025-04-15 13:57:00
T00984,C942,Germany,5202.03,Online,7,2025-07-01 05:04:00
T00985,C132,Spain,5785.88,Card,69,2025-03-19 16:32:00
T00986,C122,Canada,8819.95,Online,14,2025-02-01 12:25:00
T00987,C518,Morocco,9346.46,POS,6,2025-05-14 11:47:00
T00988,C609,France,380.06,Online,66,2025-07-02 08:29:00
T00989,C272,France,7272.4,ATM,60,2025-06-29 09:56:00
T00990,C729,UAE,7736.19,Card,25,2025-06-27 13:38:00
T00991,C681,UK,9600.28,Transfer,11,2025-03-10 09:00:00
T00992,C851,Turkey,2112.5,POS,45,2025-03-10 06:53:00
T00993,C584,China,31216.06,POS,87,2025-05-12 11:17:00
T00994,C335,Germany,3562.93,Online,79,2025-05-17 20:46:00
T00995,C904,Spain,2445.5,ATM,79,2025-08-27 15:10:00
T00996,C799,Turkey,8733.47,ATM,49,2025-01-24 16:51:00
T00997,C302,USA,43866.57,ATM,81,2025-11-30 05:36:00
T00998,C375,China,2918.97,POS,12,2025-02-15 06:00:00
T00999,C243,Turkey,4929.43,Online,25,2025-05-06 14:27:00
T01000,C749,Turkey,3286.03,Online,60,2025-08-10 17:23:00
